# Hand-checked ja -> zh-Hant (Taiwan) terms: signs / notices, shop and menu words, allergens, nutrition labels,
# common dishes / drinks / fish the pivot gets wrong.  Written for this project (GPL-3, also offered as CC0).
# src	zh	kind	mode (x = whole block only, s = also inside a sentence, as a protected name; blank = by rule)
# --- signs / notices (whole block only: a sentence keeps the engine's grammar and the negation checks)
立入禁止	禁止進入	sign	x
関係者以外立入禁止	非相關人員禁止進入	sign	x
関係者以外立ち入り禁止	非相關人員禁止進入	sign	x
撮影禁止	禁止攝影	sign	x
写真撮影禁止	禁止拍照	sign	x
禁煙	禁菸	sign	x
全席禁煙	全面禁菸	sign	x
館内禁煙	館內禁菸	sign	x
喫煙所	吸菸區	sign	x
喫煙室	吸菸室	sign	x
喫煙席	吸菸座位	sign	x
禁煙席	禁菸座位	sign	x
火気厳禁	嚴禁煙火	sign	x
駐車禁止	禁止停車	sign	x
駐輪禁止	禁止停放自行車	sign	x
通り抜け禁止	禁止穿越	sign	x
飲食禁止	禁止飲食	sign	s
ペット禁止	禁止攜帶寵物	sign	x
持ち込み禁止	禁止攜入	sign	x
土足厳禁	禁止穿鞋進入	sign	x
危険	危險	sign	x
足元注意	小心腳下	sign	x
足元にご注意ください	請小心腳下	sign	x
頭上注意	小心碰頭	sign	x
段差注意	注意高低差	sign	x
使用中	使用中	sign	x
営業中	營業中	sign	x
準備中	準備中	sign	x
本日休業	本日公休	sign	x
臨時休業	臨時公休	sign	x
休憩中	休息中	sign	x
貸切	包場	sign	x
貸し切り	包場	sign	x
予約席	預約席	sign	x
満席	客滿	sign	x
満車	車位已滿	sign	x
売り切れ	售完	sign	x
売切れ	售完	sign	x
完売	售完	sign	x
品切れ	缺貨	sign	x
非常口	緊急出口	sign	x
出口	出口	sign	x
入口	入口	sign	x
出入口	出入口	sign	x
改札口	剪票口	sign	x
乗り換え	轉乘	sign	x
乗換え	轉乘	sign	x
乗換	轉乘	sign	x
のりかえ	轉乘	sign	x
のりば	乘車處	sign	x
乗り場	乘車處	sign	x
タクシー乗り場	計程車乘車處	sign	x
タクシーのりば	計程車乘車處	sign	x
バス乗り場	公車乘車處	sign	x
バスのりば	公車乘車處	sign	x
切符売り場	售票處	sign	x
きっぷうりば	售票處	sign	x
券売機	售票機	sign	x
食券機	餐券機	sign	x
精算機	補票機	sign	x
コインロッカー	投幣式置物櫃	sign	x
お手洗い	洗手間	sign	x
トイレ	廁所	sign	x
化粧室	化妝室	sign	x
多目的トイレ	多功能廁所	sign	x
エレベーター	電梯	sign	x
エスカレーター	手扶梯	sign	x
階段	樓梯	sign	x
案内所	服務處	sign	x
観光案内所	觀光服務處	sign	x
インフォメーション	服務台	sign	x
受付	櫃台	sign	x
お会計	結帳	sign	x
レジ	收銀台	sign	x
税込	含稅	sign	x
税込み	含稅	sign	x
税別	未稅	sign	x
税抜	未稅	sign	x
税抜き	未稅	sign	x
送料無料	免運費	sign	x
無料	免費	sign	x
有料	收費	sign	x
入場無料	免費入場	sign	x
現金のみ	僅收現金	sign	x
カード可	可刷卡	sign	x
クレジットカード可	可刷信用卡	sign	x
電子マネー	電子支付	sign	x
小人	兒童	sign	x
押す	推	sign	x
引く	拉	sign	x
# --- menu / shop words
食べ放題	吃到飽	menu	x
飲み放題	喝到飽	menu	x
お持ち帰り	外帶	menu	x
持ち帰り	外帶	menu	x
テイクアウト	外帶	menu	x
イートイン	內用	menu	x
おすすめ	推薦	menu	x
オススメ	推薦	menu	x
本日のおすすめ	今日推薦	menu	x
店長のおすすめ	店長推薦	menu	x
新発売	新上市	menu	x
大盛り	大份	menu	x
大盛	大份	menu	x
並盛	普通份	menu	x
並盛り	普通份	menu	x
特盛	特大份	menu	x
替え玉	加麵	menu	x
トッピング	配料	menu	x
単品	單點	menu	x
セット	套餐	menu	x
ランチ	午餐	menu	x
ランチセット	午餐套餐	menu	x
ランチメニュー	午餐菜單	menu	x
日替わり定食	每日特餐	menu	x
日替わりランチ	每日午餐	menu	x
お子様ランチ	兒童餐	menu	x
お子様メニュー	兒童菜單	menu	x
デザート	甜點	menu	x
ドリンク	飲料	menu	x
ソフトドリンク	無酒精飲料	menu	x
ドリンクメニュー	飲料單	menu	x
アルコール	酒精飲料	menu	x
お冷	冰開水	menu	x
おしぼり	濕毛巾	menu	x
割り箸	免洗筷	menu	x
取り皿	小盤子	menu	x
ご飯	白飯	menu	x
ごはん	白飯	menu	x
# --- dishes / drinks / ingredients (also inside a menu line)
おでん	關東煮	dish	s
すき焼き	壽喜燒	dish	s
すきやき	壽喜燒	dish	s
しゃぶしゃぶ	涮涮鍋	dish	s
うな重	鰻魚飯	dish	s
うな丼	鰻魚蓋飯	dish	s
ひつまぶし	鰻魚飯三吃	dish	s
焼きそば	日式炒麵	dish	s
焼うどん	炒烏龍麵	dish	s
焼きうどん	炒烏龍麵	dish	s
冷やし中華	中華涼麵	dish	s
ざるそば	竹簍蕎麥涼麵	dish	s
かけそば	清湯蕎麥麵	dish	s
きつねうどん	豆皮烏龍麵	dish	s
たぬきうどん	天婦羅花烏龍麵	dish	s
肉うどん	牛肉烏龍麵	dish	s
カレーうどん	咖哩烏龍麵	dish	s
おにぎり	飯糰	dish	s
お茶漬け	茶泡飯	dish	s
茶碗蒸し	茶碗蒸	dish	s
揚げ出し豆腐	炸豆腐	dish	s
ポテトサラダ	馬鈴薯沙拉	dish	s
フライドポテト	炸薯條	dish	s
ポテトフライ	炸薯條	dish	s
串カツ	炸串	dish	s
串揚げ	炸串	dish	s
エビフライ	炸蝦	dish	s
海老フライ	炸蝦	dish	s
コロッケ	可樂餅	dish	s
メンチカツ	炸肉餅	dish	s
ハンバーグ	漢堡排	dish	s
オムライス	蛋包飯	dish	s
ナポリタン	拿坡里義大利麵	dish	s
ドリア	焗飯	dish	s
グラタン	焗烤	dish	s
生姜焼き	薑燒豬肉	dish	s
しょうが焼き	薑燒豬肉	dish	s
豚の生姜焼き	薑燒豬肉	dish	s
焼き魚	烤魚	dish	s
焼魚	烤魚	dish	s
鮭の塩焼き	鹽烤鮭魚	dish	s
照り焼き	照燒	dish	s
煮物	燉煮	dish	s
漬物	醬菜	dish	s
お新香	醬菜	dish	s
香の物	醬菜	dish	s
豚汁	豬肉味噌湯	dish	s
とん汁	豬肉味噌湯	dish	s
赤だし	紅味噌湯	dish	s
ソフトクリーム	霜淇淋	dish	s
かき氷	刨冰	dish	s
わらび餅	蕨餅	dish	s
団子	糰子	dish	s
だんご	糰子	dish	s
みたらし団子	御手洗糰子	dish	s
たい焼き	鯛魚燒	dish	s
どら焼き	銅鑼燒	dish	s
今川焼き	紅豆餅	dish	s
瓶ビール	瓶裝啤酒	drink	s
ハイボール	威士忌蘇打	drink	s
レモンサワー	檸檬沙瓦	drink	s
サワー	沙瓦	drink	x
チューハイ	燒酎調酒	drink	s
酎ハイ	燒酎調酒	drink	s
焼酎	燒酎	drink	s
熱燗	熱清酒	drink	s
冷酒	冷清酒	drink	x
ウーロン茶	烏龍茶	drink	s
ウーロンハイ	烏龍燒酎	drink	s
オレンジジュース	柳橙汁	drink	s
ジュース	果汁	drink	x
コーラ	可樂	drink	s
ジンジャーエール	薑汁汽水	drink	s
カルピス	可爾必思	drink	s
ラムネ	彈珠汽水	drink	s
にぎり	握壽司	dish	x
握り寿司	握壽司	dish	s
巻き寿司	壽司捲	dish	s
手巻き寿司	手捲	dish	s
軍艦巻き	軍艦壽司	dish	s
ちらし寿司	散壽司	dish	s
いなり寿司	豆皮壽司	dish	s
稲荷寿司	豆皮壽司	dish	s
マグロ	鮪魚	fish	s
まぐろ	鮪魚	fish	s
鮪	鮪魚	fish	x
大トロ	鮪魚大腹	fish	s
中トロ	鮪魚中腹	fish	s
ネギトロ	鮪魚蔥花	fish	s
サーモン	鮭魚	fish	s
ハマチ	青魽	fish	s
イカ	魷魚	fish	s
タコ	章魚	fish	s
甘エビ	甜蝦	fish	s
ホタテ	扇貝	fish	s
帆立	扇貝	fish	s
ウニ	海膽	fish	s
イクラ	鮭魚卵	fish	s
アナゴ	星鰻	fish	s
穴子	星鰻	fish	s
うなぎ	鰻魚	fish	s
ウナギ	鰻魚	fish	s
カニ	螃蟹	fish	s
アジ	竹筴魚	fish	s
サバ	鯖魚	fish	s
しめ鯖	醋漬鯖魚	fish	s
たらこ	鱈魚子	fish	s
しらす	魩仔魚	fish	s
牛タン	牛舌	dish	s
カルビ	牛五花	dish	s
ハラミ	橫膈膜肉	dish	s
ホルモン	內臟	dish	s
チャーシュー	叉燒	dish	s
チャーシュー麺	叉燒拉麵	dish	s
チャーシューメン	叉燒拉麵	dish	s
メンマ	筍乾	dish	s
煮卵	溏心蛋	dish	s
味玉	溏心蛋	dish	s
味付け玉子	溏心蛋	dish	s
もやし	豆芽菜	ingredient	s
キャベツ	高麗菜	ingredient	s
大根	白蘿蔔	ingredient	s
にんじん	紅蘿蔔	ingredient	s
人参	紅蘿蔔	ingredient	x
じゃがいも	馬鈴薯	ingredient	s
玉ねぎ	洋蔥	ingredient	s
たまねぎ	洋蔥	ingredient	s
ピーマン	青椒	ingredient	s
きゅうり	小黃瓜	ingredient	s
しいたけ	香菇	ingredient	s
えのき	金針菇	ingredient	s
油揚げ	油豆腐皮	ingredient	x
手羽先	雞翅	dish	s
つくね	雞肉丸	dish	s
ねぎま	蔥段雞肉串	dish	s
砂肝	雞胗	dish	s
豚バラ	豬五花	dish	s
牛すじ	牛筋	dish	s
もつ煮	燉內臟	dish	s
もつ鍋	牛腸鍋	dish	s
寄せ鍋	什錦鍋	dish	s
ちゃんこ鍋	相撲火鍋	dish	s
雑炊	雜炊	dish	x
おかゆ	粥	dish	s
お粥	粥	dish	s
から揚げ	日式炸雞	dish	s
からあげ	日式炸雞	dish	s
唐揚	日式炸雞	dish	s
# --- allergens (特定原材料) and nutrition labels
小麦	小麥	allergen	x
えび	蝦	allergen	x
かに	蟹	allergen	x
落花生	花生	allergen	x
ピーナッツ	花生	allergen	s
くるみ	核桃	allergen	x
アーモンド	杏仁	allergen	s
あわび	鮑魚	allergen	x
いか	魷魚	allergen	x
オレンジ	柳橙	allergen	x
カシューナッツ	腰果	allergen	s
キウイフルーツ	奇異果	allergen	s
ごま	芝麻	allergen	x
さけ	鮭魚	allergen	x
さば	鯖魚	allergen	x
鶏肉	雞肉	allergen	x
豚肉	豬肉	allergen	x
バナナ	香蕉	allergen	x
まつたけ	松茸	allergen	x
やまいも	山藥	allergen	x
りんご	蘋果	allergen	x
ゼラチン	明膠	allergen	x
特定原材料	特定過敏原	allergen	x
アレルギー表示	過敏原標示	allergen	x
カルシウム	鈣	nutrition	x
カリウム	鉀	nutrition	x
コレステロール	膽固醇	nutrition	x
トランス脂肪酸	反式脂肪	nutrition	x
食品添加物	食品添加物	nutrition	x

# --- language-learning sites (0.7.7: a Japanese-learning site, a pitch-accent page; general learning vocabulary)
単語	單字	word	s
漢字	漢字	word	s
文型	句型	word	s
一覧	一覽	word	s
すべて見る	查看全部	ui	x
もっと見る	查看更多	ui	x
ふりがな	假名標音	word	s
読解問題	閱讀題	word	s
総合問題	綜合題	word	s
語彙	詞彙	word	s
読み方	讀音	word	s
画数	筆畫數	word	s
書き順	筆順	word	s
漢字プリント	漢字練習單	word	s
喜び	喜悅	word	s
傷跡	傷痕	word	s
採択	採納	word	s
表現	表達	word	s
助詞	助詞	word	s
アクセント	重音	word	s
東京式	東京式	word	s
下がり目	下降點	word	s
お花見	賞櫻	word	s
利用規約	使用條款	ui	x
プライバシーポリシー	隱私權政策	ui	x
運営者情報	營運者資訊	ui	x
サイト内検索	站內搜尋	ui	x
お問い合わせ	聯絡我們	ui	x
TOPへ	回到頂部	ui	x
トップへ	回到頂部	ui	x
ページトップへ	回到頂部	ui	x
# --- casual / social posts (inside a sentence; the pivot: 淫夢 -> 夢想; 帰国 -> 回家 is fixed in label_text.cpp)
淫夢	淫夢	word	s
国際交流	國際交流	word	s
悠遊カード	悠遊卡	word	s
# --- 原材料 / additives (ingredients_ja.tsv, hand-checked; item mode)
玉葱	洋蔥	ingredient	s
タマネギ	洋蔥	ingredient	s
オニオン	洋蔥	ingredient	s
パイン	鳳梨	ingredient	s
パインアップル	鳳梨	ingredient	s
パイナップル	鳳梨	ingredient	s
リンゴ	蘋果	ingredient	s
マンゴー	芒果	ingredient	s
マンゴチャツネ	芒果甜酸醬	ingredient	s
マンゴーチャツネ	芒果甜酸醬	ingredient	s
フルーツチャツネ	水果甜酸醬	ingredient	s
チャツネ	甜酸醬	ingredient	s
みりん	味醂	ingredient	s
本みりん	本味醂	ingredient	s
みりん風調味料	味醂風味調味料	ingredient	s
酸味料	酸味劑	additive	s
甘味料	甜味劑	additive	s
甘草	甘草	additive	s
調味料（アミノ酸等）	調味料（胺基酸等）	additive	s
調味料(アミノ酸等)	調味料（胺基酸等）	additive	s
調味料（アミノ酸）	調味料（胺基酸）	additive	s
アミノ酸等	胺基酸等	additive	s
アミノ酸	胺基酸	additive	s
香辛料	辛香料	ingredient	s
香辛料抽出物	辛香料萃取物	additive	s
香料	香料	additive	s
乳化剤	乳化劑	additive	s
増粘剤	增稠劑	additive	s
増粘多糖類	增稠多醣類	additive	s
安定剤	安定劑	additive	s
ゲル化剤	膠凝劑	additive	s
pH調整剤	酸鹼調整劑	additive	s
ｐＨ調整剤	酸鹼調整劑	additive	s
酸化防止剤	抗氧化劑	additive	s
着色料	著色劑	additive	s
カラメル色素	焦糖色素	additive	s
くちなし色素	梔子色素	additive	s
パプリカ色素	紅椒色素	additive	s
ベニコウジ色素	紅麴色素	additive	s
紅麹色素	紅麴色素	additive	s
カロテン色素	胡蘿蔔素色素	additive	s
カロチノイド色素	類胡蘿蔔素色素	additive	s
保存料	防腐劑	additive	s
膨張剤	膨脹劑	additive	s
発色剤	保色劑	additive	s
漂白剤	漂白劑	additive	s
光沢剤	光澤劑	additive	s
酵素	酵素	additive	s
乳酸菌	乳酸菌	ingredient	s
ビタミンC	維生素C	additive	s
ビタミンＣ	維生素C	additive	s
ビタミンE	維生素E	additive	s
ビタミンＥ	維生素E	additive	s
クエン酸	檸檬酸	additive	s
炭酸水素ナトリウム	碳酸氫鈉	additive	s
グルタミン酸ナトリウム	麩胺酸鈉	additive	s
ソルビトール	山梨醇	additive	s
ステビア	甜菊	additive	s
アスパルテーム	阿斯巴甜	additive	s
スクラロース	蔗糖素	additive	s
乳酸カルシウム	乳酸鈣	additive	s
牛脂	牛脂	ingredient	s
豚脂	豬油	ingredient	s
ラード	豬油	ingredient	s
ショートニング	酥油	ingredient	s
マーガリン	乳瑪琳	ingredient	s
植物油脂	植物油脂	ingredient	s
食用植物油脂	食用植物油脂	ingredient	s
食用油脂	食用油脂	ingredient	s
乳糖	乳糖	ingredient	s
脱脂粉乳	脫脂奶粉	ingredient	s
全粉乳	全脂奶粉	ingredient	s
乳製品	乳製品	ingredient	s
ビーフコンソメ	牛肉清湯	ingredient	s
チキンコンソメ	雞肉清湯	ingredient	s
コンソメ	清湯	ingredient	s
ビーフエキス	牛肉萃取物	ingredient	s
チキンエキス	雞肉萃取物	ingredient	s
ポークエキス	豬肉萃取物	ingredient	s
酵母エキス	酵母萃取物	ingredient	s
たん白加水分解物	蛋白質水解物	ingredient	s
たんぱく加水分解物	蛋白質水解物	ingredient	s
砂糖	砂糖	ingredient	s
上白糖	上白糖	ingredient	s
果糖ぶどう糖液糖	高果糖糖漿	ingredient	s
ぶどう糖果糖液糖	果糖葡萄糖糖漿	ingredient	s
ぶどう糖	葡萄糖	ingredient	s
水あめ	麥芽糖漿	ingredient	s
水飴	麥芽糖漿	ingredient	s
食塩	食鹽	ingredient	s
醤油	醬油	ingredient	s
しょうゆ	醬油	ingredient	s
みそ	味噌	ingredient	s
食酢	食醋	ingredient	s
醸造酢	釀造醋	ingredient	s
ウスターソース	伍斯特醬	ingredient	s
トマトケチャップ	番茄醬	ingredient	s
トマトペースト	番茄糊	ingredient	s
トマトピューレ	番茄泥	ingredient	s
トマトピューレー	番茄泥	ingredient	s
カレー粉	咖哩粉	ingredient	s
カレーペースト	咖哩醬	ingredient	s
カレールウ	咖哩塊	ingredient	s
小麦粉	麵粉	ingredient	s
でん粉	澱粉	ingredient	s
でんぷん	澱粉	ingredient	s
加工でん粉	修飾澱粉	additive	s
コーンスターチ	玉米澱粉	ingredient	s
パン粉	麵包粉	ingredient	s
マッシュルーム	蘑菇	ingredient	s
ヨーグルト	優格	ingredient	s
ココナッツ	椰子	ingredient	s
ココナッツミルク	椰奶	ingredient	s
バター	奶油	ingredient	s
生クリーム	鮮奶油	ingredient	s
チーズ	起司	ingredient	s
鶏卵	雞蛋	ingredient	s
卵黄	蛋黃	ingredient	s
卵白	蛋白	ingredient	s
赤ワイン	紅酒	ingredient	s
白ワイン	白酒	ingredient	s
料理酒	料理酒	ingredient	s
にんにく	大蒜	ingredient	s
ニンニク	大蒜	ingredient	s
ガーリック	大蒜	ingredient	s
しょうが	薑	ingredient	s
生姜	薑	ingredient	s
ジンジャー	薑	ingredient	s
馬鈴薯	馬鈴薯	ingredient	s
セロリ	芹菜	ingredient	s
野菜	蔬菜	ingredient	s
果実	水果	ingredient	s
胡椒	胡椒	ingredient	s
こしょう	胡椒	ingredient	s
ブラックペッパー	黑胡椒	ingredient	s
唐辛子	辣椒	ingredient	s
クミン	孜然	ingredient	s
ターメリック	薑黃	ingredient	s
ナツメグ	肉豆蔻	ingredient	s
シナモン	肉桂	ingredient	s
はちみつ	蜂蜜	ingredient	s
黒糖	黑糖	ingredient	s
寒天	洋菜	ingredient	s
かつお節	柴魚片	ingredient	s
かつおぶし	柴魚片	ingredient	s
煮干し	小魚乾	ingredient	s
風味調味料	風味調味料	ingredient	s
ごま油	麻油	ingredient	s
食用ごま油	食用麻油	ingredient	s
喫煙禁止	禁止吸菸	sign	s
# --- UI / learning-site words added 2026-10-09 (hand-checked; ambiguous common words whole-block only)
ホーム	首頁	ui	x
はじめる	開始	ui	x
クイズ	測驗	ui	x
許可する	允許	ui	x
許可しない	不允許	ui	x
完了	完成	ui	x
閉じる	關閉	ui	x
教師向け教材	教師用教材	ui	x
編集方針	編輯方針	ui	x
読解	讀解	word	x
平板型	平板型	word	s
頭高型	頭高型	word	s
中高型	中高型	word	s
尾高型	尾高型	word	s
例文	例句	word	s
教材	教材	word	s
